{
  "weights": {
    "0": 1.7649122807017543,
    "1": 0.7626164175871778,
    "2": 0.8911667932169071
  },
  "strategy": "class_weight",
  "imbalance_ratio": 2.3142857142857145,
  "label_mapping": {
    "-1": 0,
    "0": 1,
    "1": 2
  }
}