{
  "model": "TF-IDF + LogReg",
  "val": {
    "accuracy": 0.7084253707794257,
    "f1_macro": 0.6999060704468807,
    "roc_auc": 0.8698747308688247,
    "f1_negatif": 0.6504961411245865,
    "f1_neutre": 0.7179389312977099,
    "f1_positif": 0.7312831389183457
  },
  "test": {
    "accuracy": 0.7082675923004103,
    "f1_macro": 0.6993086131055711,
    "roc_auc": 0.8717103547734796,
    "f1_negatif": 0.6461312797946461,
    "f1_neutre": 0.712581762216237,
    "f1_positif": 0.7392127973058303
  }
}